month,revenue
1/1/19,44447.67261
2/1/19,46814.86644
3/1/19,29139.71312
4/1/19,40811.26482
5/1/19,45161.75041
6/1/19,20795.13046
7/1/19,27386.36749
8/1/19,1582.292478
9/1/19,30606.85362
10/1/19,40937.26088
11/1/19,8261.008883
12/1/19,12457.10157
1/1/20,14721.65105
2/1/20,36850.25397
3/1/20,8286.739516
4/1/20,48415.03501
5/1/20,41837.73278
6/1/20,12886.03412
7/1/20,1422.147765
8/1/20,4453.218436
9/1/20,6858.189457
10/1/20,4370.225904